{"Train images example:": {"_type": "image-file", "sha256": "665a39d4c534420fe0a72dd33ad6935d6d06516519923ff9d8bd0b782af06894", "size": 48868, "path": "media/images/Train images example:_162_665a39d4c534420fe0a7.png", "format": "png", "width": 224, "height": 224}, "_timestamp": 1697306753.5433364, "_runtime": 51.50856947898865, "_step": 164, "Train Loss": 0.687265157699585, "Validation Loss": 0.6167530715465546, "_wandb": {"runtime": 50}}