{"Train images example:": {"_type": "image-file", "sha256": "112d52f750958cb0a720e1e2bbda470a3fa8c89606d2a566f61ae07c79530f98", "size": 31459, "path": "media/images/Train images example:_50_112d52f750958cb0a720.png", "format": "png", "width": 224, "height": 224}, "_timestamp": 1697302922.7920177, "_runtime": 17.635777711868286, "_step": 50, "Train Loss": 0.6075741648674011, "_wandb": {"runtime": 17}}