{"Train images example:": {"_type": "image-file", "sha256": "8e68b0db5e622be7d4056d6cb6a7a59711d745665f390125669bcf023dc3825a", "size": 30804, "path": "media/images/Train images example:_8_8e68b0db5e622be7d405.png", "format": "png", "width": 224, "height": 224}, "_timestamp": 1697305338.154817, "_runtime": 6.3366780281066895, "_step": 8, "Train Loss": 0.6832568049430847, "_wandb": {"runtime": 6}}