{"Train images example:": {"_type": "image-file", "sha256": "33f06e5e456642754ba3fe68241c671695ee6cf91d5ea2f3217f824c1b1de3dd", "size": 47888, "path": "media/images/Train images example:_172_33f06e5e456642754ba3.png", "format": "png", "width": 224, "height": 224}, "_timestamp": 1697303125.9878078, "_runtime": 94.06756663322449, "_step": 174, "Train Loss": 0.48258906602859497, "Validation Loss": 0.754349410533905, "_wandb": {"runtime": 93}}