{"Train images example:": {"_type": "image-file", "sha256": "6b6bfdfd550d11db0f5b3bffaeac70ab601642f81ad0d361a6ecf9528bd6e2c0", "size": 48798, "path": "media/images/Train images example:_8_6b6bfdfd550d11db0f5b.png", "format": "png", "width": 224, "height": 224}, "_timestamp": 1697305174.142694, "_runtime": 6.410207986831665, "_step": 8, "Train Loss": 0.7958237528800964, "_wandb": {"runtime": 5}}