{"Train images example:": {"_type": "image-file", "sha256": "0b7aff3f9cb185cd6985db5e792daa4ad020c50d323e8585e0a5b6525dd253b1", "size": 53967, "path": "media/images/Train images example:_28_0b7aff3f9cb185cd6985.png", "format": "png", "width": 224, "height": 224}, "_timestamp": 1697302966.032306, "_runtime": 11.9442880153656, "_step": 28, "Train Loss": 0.7034579515457153, "_wandb": {"runtime": 11}}