{"Train images example:": {"_type": "image-file", "sha256": "4ff3f312be2f5805feb1a16d0b91f54fc9c489998703a774cfb28fb66ba5a9cb", "size": 53924, "path": "media/images/Train images example:_63_4ff3f312be2f5805feb1.png", "format": "png", "width": 224, "height": 224}, "_timestamp": 1697307794.5556026, "_runtime": 19.484691619873047, "_step": 65, "Train Loss": 0.6914454698562622, "Validation Loss": 0.6766550838947296, "_wandb": {"runtime": 19}}