{"Train images example:": {"_type": "image-file", "sha256": "fdbe1a2e191463d4aa8a743cb8ae69802fac38d360a65ffc33303daf1cdecd3d", "size": 46272, "path": "media/images/Train images example:_172_fdbe1a2e191463d4aa8a.png", "format": "png", "width": 224, "height": 224}, "_timestamp": 1697304193.686805, "_runtime": 72.45230412483215, "_step": 174, "Train Loss": 0.5097880363464355, "Validation Loss": 0.6867248018582662, "_wandb": {"runtime": 71}}