{"Train images example:": {"_type": "image-file", "sha256": "49283c25a6a8e57f245386ddd4a87874aafe2b36ba584f5e02527d51d006bf8c", "size": 35572, "path": "media/images/Train images example:_162_49283c25a6a8e57f2453.png", "format": "png", "width": 224, "height": 224}, "_timestamp": 1697307706.3026037, "_runtime": 55.6976957321167, "_step": 164, "Train Loss": 0.7152262330055237, "Validation Loss": 0.6069876104593277, "_wandb": {"runtime": 55}}